33.24, 0.14, 33.33, 0.27, 33.33, 0, 0, 0
30.22, 0.21, 33.33, 0.27, 33.33, 0, 0, 100
31.80, 0.21, 33.33, 0.27, 33.33, 0, 0, 200
30.61, 0.24, 33.33, 0.27, 33.33, 0, 0, 300
33.03, 0.23, 33.33, 0.27, 33.33, 0, 0, 400
32.82, 0.23, 33.33, 0.27, 33.33, 0, 0, 500
33.24, 0.24, 33.33, 0.27, 33.33, 0, 0, 600
34.54, 0.24, 33.33, 0.27, 33.33, 0, 0, 700
32.82, 0.24, 33.33, 0.27, 33.33, 0, 0, 800
34.54, 0.24, 33.33, 0.27, 33.33, 0, 0, 901
32.82, 0.24, 33.33, 0.27, 33.33, 0, 0, 1001
32.82, 0.24, 33.33, 0.27, 33.33, 0, 0, 1101
34.10, 0.24, 33.33, 0.27, 33.33, 0, 0, 1201
33.03, 0.24, 33.33, 0.27, 33.33, 0, 0, 1301
32.62, 0.24, 33.33, 0.27, 33.33, 0, 0, 1401
32.82, 0.24, 33.33, 0.27, 33.33, 0, 0, 1501
33.03, 0.24, 33.33, 0.27, 33.33, 0, 0, 1601
33.03, 0.24, 33.33, 0.27, 33.33, 0, 0, 1701
33.03, 0.24, 33.33, 0.27, 33.33, 0, 0, 1801
33.46, 0.24, 33.33, 0.27, 33.33, 0, 0, 1901
33.24, 0.24, 33.33, 0.27, 33.33, 0, 0, 2001
33.46, 0.24, 33.33, 0.27, 33.33, 0, 0, 2101
33.46, 0.24, 33.33, 0.27, 33.33, 0, 0, 2201
34.32, 0.24, 33.33, 0.27, 33.33, 0, 0, 2301
33.67, 0.24, 33.33, 0.27, 33.33, 0, 0, 2401
34.76, 0.24, 33.33, 0.27, 33.33, 0, 0, 2501
34.54, 0.24, 33.33, 0.27, 33.33, 0, 0, 2601
33.67, 0.24, 33.33, 0.27, 33.33, 0, 0, 2701
34.32, 0.24, 33.33, 0.27, 33.33, 0, 0, 2801
34.32, 0.24, 33.33, 0.27, 33.33, 0, 0, 2901
34.54, 0.24, 33.33, 0.27, 33.33, 0, 0, 3001
34.54, 0.24, 33.33, 0.27, 33.33, 0, 0, 3101
32.82, 0.24, 33.33, 0.27, 33.33, 0, 0, 3201
34.54, 0.24, 33.33, 0.27, 33.33, 0, 0, 3301
33.24, 0.24, 33.33, 0.27, 33.33, 0, 0, 3401
32.41, 0.24, 33.33, 0.27, 33.33, 0, 0, 3501
33.03, 0.24, 33.33, 0.27, 33.33, 0, 0, 3601
32.62, 0.24, 33.33, 0.27, 33.33, 0, 0, 3701
32.00, 0.24, 33.33, 0.27, 33.33, 0, 0, 3801
32.62, 0.24, 33.33, 0.27, 33.33, 0, 0, 3901
32.20, 0.24, 33.33, 0.27, 33.33, 0, 0, 4001
32.41, 0.24, 33.33, 0.27, 33.33, 0, 0, 4101
32.00, 0.24, 33.33, 0.27, 33.33, 0, 0, 4201
31.39, 0.24, 33.33, 0.27, 33.33, 0, 0, 4301
32.62, 0.24, 33.33, 0.27, 33.33, 0, 0, 4401
32.00, 0.24, 33.33, 0.27, 33.33, 0, 0, 4501
32.41, 0.24, 33.33, 0.27, 33.33, 0, 0, 4601
33.89, 0.24, 33.33, 0.27, 33.33, 0, 0, 4701
31.39, 0.24, 33.33, 0.27, 33.33, 0, 0, 4801
33.89, 0.24, 33.33, 0.27, 33.33, 0, 0, 4901
34.32, 0.24, 33.33, 0.27, 33.33, 0, 0, 5001
33.89, 0.24, 33.33, 0.27, 33.33, 0, 0, 5101
34.54, 0.24, 33.33, 0.27, 33.33, 0, 0, 5201
32.82, 0.24, 33.33, 0.27, 33.33, 0, 0, 5301
34.99, 0.24, 33.33, 0.27, 33.33, 0, 0, 5401
34.76, 0.24, 33.33, 0.27, 33.33, 0, 0, 5501
33.03, 0.24, 33.33, 0.27, 33.33, 0, 0, 5601
33.46, 0.24, 33.33, 0.27, 33.33, 0, 0, 5701
33.24, 0.24, 33.33, 0.27, 33.33, 0, 0, 5801
32.82, 0.24, 33.33, 0.27, 33.33, 0, 0, 5901
34.32, 0.24, 33.33, 0.27, 33.33, 0, 0, 6001
33.67, 0.24, 33.33, 0.27, 33.33, 0, 0, 6101
33.67, 0.24, 33.33, 0.27, 33.33, 0, 0, 6201
33.67, 0.24, 33.33, 0.27, 33.33, 0, 0, 6301
33.67, 0.24, 33.33, 0.27, 33.33, 0, 0, 6401
33.67, 0.24, 33.33, 0.27, 33.33, 0, 0, 6501
33.67, 0.24, 33.33, 0.27, 33.33, 0, 0, 6601
33.89, 0.24, 33.33, 0.27, 33.33, 0, 0, 6701
34.76, 0.24, 33.33, 0.27, 33.33, 0, 0, 6801
33.46, 0.24, 33.33, 0.27, 33.33, 0, 0, 6901
34.54, 0.24, 33.33, 0.27, 33.33, 0, 0, 7001
34.76, 0.24, 33.33, 0.27, 33.33, 0, 0, 7101
33.67, 0.24, 33.33, 0.27, 33.33, 0, 0, 7201
34.99, 0.24, 33.33, 0.27, 33.33, 0, 0, 7301
34.99, 0.24, 33.33, 0.27, 33.33, 0, 0, 7401
34.99, 0.24, 33.33, 0.27, 33.33, 0, 0, 7501
34.99, 0.24, 33.33, 0.27, 33.33, 0, 0, 7601
33.03, 0.24, 33.33, 0.27, 33.33, 0, 0, 7701
34.54, 0.24, 33.33, 0.27, 33.33, 0, 0, 7801
33.24, 0.24, 33.33, 0.27, 33.33, 0, 0, 7901
32.82, 0.24, 33.33, 0.27, 33.33, 0, 0, 8001
33.03, 0.24, 33.33, 0.27, 33.33, 0, 0, 8101
32.62, 0.24, 33.33, 0.27, 33.33, 0, 0, 8201
32.20, 0.24, 33.33, 0.27, 33.33, 0, 0, 8301
33.24, 0.24, 33.33, 0.27, 33.33, 0, 0, 8401
32.41, 0.24, 33.33, 0.27, 33.33, 0, 0, 8501
32.00, 0.24, 33.33, 0.27, 33.33, 0, 0, 8601
32.41, 0.24, 33.33, 0.27, 33.33, 0, 0, 8701
32.00, 0.24, 33.33, 0.27, 33.33, 0, 0, 8801
31.59, 0.24, 33.33, 0.27, 33.33, 0, 0, 8901
31.80, 0.24, 33.33, 0.27, 33.33, 0, 0, 9001
31.80, 0.24, 33.33, 0.27, 33.33, 0, 0, 9101
34.32, 0.24, 33.33, 0.27, 33.33, 0, 0, 9201
31.80, 0.24, 33.33, 0.27, 33.33, 0, 0, 9301
33.03, 0.24, 33.33, 0.27, 33.33, 0, 0, 9401
34.54, 0.24, 33.33, 0.27, 33.33, 0, 0, 9501
33.03, 0.24, 33.33, 0.27, 33.33, 0, 0, 9601
34.99, 0.24, 33.33, 0.27, 33.33, 0, 0, 9701
33.67, 0.24, 33.33, 0.27, 33.33, 0, 0, 9801
33.03, 0.24, 33.33, 0.27, 33.33, 0, 0, 9901
33.89, 0.24, 33.33, 0.27, 33.33, 0, 0, 10001
34.54, 0.24, 33.33, 0.27, 33.33, 0, 0, 10101
34.10, 0.24, 33.33, 0.27, 33.33, 0, 0, 10201
34.32, 0.24, 33.33, 0.27, 33.33, 0, 0, 10301
33.89, 0.24, 33.33, 0.27, 33.33, 0, 0, 10401
34.10, 0.24, 33.33, 0.27, 33.33, 0, 0, 10501
34.99, 0.24, 33.33, 0.27, 33.33, 0, 0, 10601
33.89, 0.24, 33.33, 0.27, 33.33, 0, 0, 10701
34.76, 0.24, 33.33, 0.27, 33.33, 0, 0, 10801
33.89, 0.24, 33.33, 0.27, 33.33, 0, 0, 10901
34.10, 0.24, 33.33, 0.27, 33.33, 0, 0, 11001
34.10, 0.24, 33.33, 0.27, 33.33, 0, 0, 11101
33.67, 0.24, 33.33, 0.27, 33.33, 0, 0, 11201
34.76, 0.24, 33.33, 0.27, 33.33, 0, 0, 11301
33.24, 0.24, 33.33, 0.27, 33.33, 0, 0, 11401
34.54, 0.24, 33.33, 0.27, 33.33, 0, 0, 11501
34.76, 0.24, 33.33, 0.27, 33.33, 0, 0, 11601
32.82, 0.24, 33.33, 0.27, 33.33, 0, 0, 11701
34.54, 0.24, 33.33, 0.27, 33.33, 0, 0, 11801
34.76, 0.24, 33.33, 0.27, 33.33, 0, 0, 11901
34.32, 0.24, 33.33, 0.27, 33.33, 0, 0, 12001
34.54, 0.24, 33.33, 0.27, 33.33, 0, 0, 12101
33.67, 0.24, 33.33, 0.27, 33.33, 0, 0, 12201
34.76, 0.24, 33.33, 0.27, 33.33, 0, 0, 12301
33.46, 0.24, 33.33, 0.27, 33.33, 0, 0, 12401
32.82, 0.24, 33.33, 0.27, 33.33, 0, 0, 12501
33.46, 0.24, 33.33, 0.27, 33.33, 0, 0, 12601
33.03, 0.24, 33.33, 0.27, 33.33, 0, 0, 12701
32.41, 0.24, 33.33, 0.27, 33.33, 0, 0, 12801
32.62, 0.24, 33.33, 0.27, 33.33, 0, 0, 12901
32.20, 0.24, 33.33, 0.27, 33.33, 0, 0, 13001
32.00, 0.24, 33.33, 0.27, 33.33, 0, 0, 13101
33.03, 0.24, 33.33, 0.27, 33.33, 0, 0, 13201
32.20, 0.24, 33.33, 0.27, 33.33, 0, 0, 13301
31.80, 0.24, 33.33, 0.27, 33.33, 0, 0, 13401
32.62, 0.24, 33.33, 0.27, 33.33, 0, 0, 13501
32.00, 0.24, 33.33, 0.27, 33.33, 0, 0, 13601
33.24, 0.24, 33.33, 0.27, 33.33, 0, 0, 13701
32.00, 0.24, 33.33, 0.27, 33.33, 0, 0, 13801
32.82, 0.24, 33.33, 0.27, 33.33, 0, 0, 13901
34.76, 0.24, 33.33, 0.27, 33.33, 0, 0, 14001
33.03, 0.24, 33.33, 0.27, 33.33, 0, 0, 14101
33.03, 0.24, 33.33, 0.27, 33.33, 0, 0, 14201
34.10, 0.24, 33.33, 0.27, 33.33, 0, 0, 14301
33.67, 0.24, 33.33, 0.27, 33.33, 0, 0, 14401
33.89, 0.24, 33.33, 0.27, 33.33, 0, 0, 14501
34.54, 0.24, 33.33, 0.27, 33.33, 0, 0, 14601
32.82, 0.24, 33.33, 0.27, 33.33, 0, 0, 14701
34.10, 0.24, 33.33, 0.27, 33.33, 0, 0, 14801
34.99, 0.24, 33.33, 0.27, 33.33, 0, 0, 14901
34.10, 0.24, 33.33, 0.27, 33.33, 0, 0, 15001
34.54, 0.24, 33.33, 0.27, 33.33, 0, 0, 15101
34.10, 0.24, 33.33, 0.27, 33.33, 0, 0, 15201
34.10, 0.24, 33.33, 0.27, 33.33, 0, 0, 15301
34.99, 0.24, 33.33, 0.27, 33.33, 0, 0, 15401
33.67, 0.24, 33.33, 0.27, 33.33, 0, 0, 15501
34.54, 0.24, 33.33, 0.27, 33.33, 0, 0, 15601
33.46, 0.24, 33.33, 0.27, 33.33, 0, 0, 15701
34.54, 0.24, 33.33, 0.27, 33.33, 0, 0, 15801
34.10, 0.24, 33.33, 0.27, 33.33, 0, 0, 15901
33.89, 0.24, 33.33, 0.27, 33.33, 0, 0, 16001
34.54, 0.24, 33.33, 0.27, 33.33, 0, 0, 16101
33.89, 0.24, 33.33, 0.27, 33.33, 0, 0, 16201
34.76, 0.24, 33.33, 0.27, 33.33, 0, 0, 16301
35.21, 0.23, 33.33, 0.27, 33.33, 0, 0, 16401
33.89, 0.24, 33.33, 0.27, 33.33, 0, 0, 16501
34.32, 0.24, 33.33, 0.27, 33.33, 0, 0, 16601
33.03, 0.24, 33.33, 0.27, 33.33, 0, 0, 16701
34.54, 0.24, 33.33, 0.27, 33.33, 0, 0, 16801
33.24, 0.24, 33.33, 0.27, 33.33, 0, 0, 16901
33.03, 0.24, 33.33, 0.27, 33.33, 0, 0, 17001
33.03, 0.24, 33.33, 0.27, 33.33, 0, 0, 17101
32.62, 0.24, 33.33, 0.27, 33.33, 0, 0, 17201
33.46, 0.24, 33.33, 0.27, 33.33, 0, 0, 17301
33.03, 0.24, 33.33, 0.27, 33.33, 0, 0, 17401
32.82, 0.24, 33.33, 0.27, 33.33, 0, 0, 17501
32.82, 0.24, 33.33, 0.27, 33.33, 0, 0, 17601
33.46, 0.24, 33.33, 0.27, 33.33, 0, 0, 17701
32.82, 0.24, 33.33, 0.27, 33.33, 0, 0, 17801
32.41, 0.24, 33.33, 0.27, 33.33, 0, 0, 17901
33.03, 0.24, 33.33, 0.27, 33.33, 0, 0, 18001
32.62, 0.24, 33.33, 0.27, 33.33, 0, 0, 18101
33.46, 0.24, 33.33, 0.27, 33.33, 0, 0, 18201
33.03, 0.24, 33.33, 0.27, 33.33, 0, 0, 18301
33.67, 0.24, 33.33, 0.27, 33.33, 0, 0, 18401
33.89, 0.24, 33.33, 0.27, 33.33, 0, 0, 18501
34.32, 0.24, 33.33, 0.27, 33.33, 0, 0, 18601
33.67, 0.24, 33.33, 0.27, 33.33, 0, 0, 18701
34.54, 0.24, 33.33, 0.27, 33.33, 0, 0, 18801
34.32, 0.24, 33.33, 0.27, 33.33, 0, 0, 18901
33.03, 0.24, 33.33, 0.27, 33.33, 0, 0, 19001
34.54, 0.24, 33.33, 0.27, 33.33, 0, 0, 19101
33.24, 0.24, 33.33, 0.27, 33.33, 0, 0, 19201
34.10, 0.24, 33.33, 0.27, 33.33, 0, 0, 19301
34.76, 0.24, 33.33, 0.27, 33.33, 0, 0, 19401
32.82, 0.24, 33.33, 0.27, 33.33, 0, 0, 19501
34.32, 0.24, 33.33, 0.27, 33.33, 0, 0, 19601
34.54, 0.24, 33.33, 0.27, 33.33, 0, 0, 19701
33.67, 0.24, 33.33, 0.27, 33.33, 0, 0, 19801
33.67, 0.24, 33.33, 0.27, 33.33, 0, 0, 19901
46.85, 0.10, 33.33, 0.27, 33.33, 0, 0, 20001
45.33, 0.06, 33.33, 0.27, 33.33, 0, 0, 20101
29.10, 0.16, 33.33, 0.27, 33.33, 0, 0, 20201
34.54, 0.14, 33.33, 0.27, 33.33, 0, 0, 20301
34.76, 0.14, 33.33, 0.27, 33.33, 0, 0, 20401
33.89, 0.14, 33.33, 0.27, 33.33, 0, 0, 20501
34.32, 0.14, 33.33, 0.27, 33.33, 0, 0, 20601
33.89, 0.14, 33.33, 0.27, 33.33, 0, 0, 20701
34.10, 0.14, 33.33, 0.27, 33.33, 0, 0, 20801
34.10, 0.14, 33.33, 0.27, 33.33, 0, 0, 20901
33.89, 0.14, 33.33, 0.27, 33.33, 0, 0, 21001
34.32, 0.14, 33.33, 0.27, 33.33, 0, 0, 21101
33.89, 0.14, 33.33, 0.27, 33.33, 0, 0, 21201
34.10, 0.14, 33.33, 0.27, 33.33, 0, 0, 21301
33.89, 0.14, 33.33, 0.27, 33.33, 0, 0, 21401
32.20, 0.14, 33.33, 0.27, 33.33, 0, 0, 21501
33.67, 0.14, 33.33, 0.27, 33.33, 0, 0, 21601
32.00, 0.14, 33.33, 0.27, 33.33, 0, 0, 21701
32.82, 0.14, 33.33, 0.27, 33.33, 0, 0, 21801
32.41, 0.14, 33.33, 0.27, 33.33, 0, 0, 21901
31.80, 0.14, 33.33, 0.27, 33.33, 0, 0, 22001
32.62, 0.14, 33.33, 0.27, 33.33, 0, 0, 22101
32.20, 0.14, 33.33, 0.27, 33.33, 0, 0, 22201
32.62, 0.14, 33.33, 0.27, 33.33, 0, 0, 22301
33.67, 0.14, 33.33, 0.27, 33.33, 0, 0, 22401
31.59, 0.14, 33.33, 0.27, 33.33, 0, 0, 22501
34.10, 0.14, 33.33, 0.27, 33.33, 0, 0, 22601
33.67, 0.14, 33.33, 0.27, 33.33, 0, 0, 22701
33.89, 0.14, 33.33, 0.27, 33.33, 0, 0, 22801
34.32, 0.14, 33.33, 0.27, 33.33, 0, 0, 22901
33.46, 0.13, 33.33, 0.27, 33.33, 0, 0, 23001
33.46, 0.13, 33.33, 0.27, 33.33, 0, 0, 23101
34.10, 0.13, 33.33, 0.27, 33.33, 0, 0, 23201
33.67, 0.13, 33.33, 0.27, 33.33, 0, 0, 23301
34.10, 0.13, 33.33, 0.27, 33.33, 0, 0, 23401
34.54, 0.13, 33.33, 0.27, 33.33, 0, 0, 23501
33.67, 0.13, 33.33, 0.27, 33.33, 0, 0, 23601
34.32, 0.13, 33.33, 0.27, 33.33, 0, 0, 23701
33.89, 0.13, 33.33, 0.27, 33.33, 0, 0, 23801
32.20, 0.13, 33.33, 0.27, 33.33, 0, 0, 23901
34.76, 0.13, 33.33, 0.27, 33.33, 0, 0, 24001
32.20, 0.13, 33.33, 0.27, 33.33, 0, 0, 24101
33.46, 0.13, 33.33, 0.27, 33.33, 0, 0, 24201
32.20, 0.13, 33.33, 0.27, 33.33, 0, 0, 24301
32.82, 0.13, 33.33, 0.27, 33.33, 0, 0, 24401
34.54, 0.13, 33.33, 0.27, 33.33, 0, 0, 24501
31.80, 0.13, 33.33, 0.27, 33.33, 0, 0, 24601
34.10, 0.13, 33.33, 0.27, 33.33, 0, 0, 24701
33.24, 0.13, 33.33, 0.27, 33.33, 0, 0, 24801
33.67, 0.13, 33.33, 0.27, 33.33, 0, 0, 24901
34.32, 0.13, 33.33, 0.27, 33.33, 0, 0, 25001
33.03, 0.13, 33.33, 0.27, 33.33, 0, 0, 25101
33.89, 0.13, 33.33, 0.27, 33.33, 0, 0, 25201
32.82, 0.13, 33.33, 0.27, 33.33, 0, 0, 25301
33.46, 0.13, 33.33, 0.27, 33.33, 0, 0, 25401
34.54, 0.13, 33.33, 0.27, 33.33, 0, 0, 25501
33.67, 0.14, 33.33, 0.27, 33.33, 0, 0, 25601
33.89, 0.14, 33.33, 0.27, 33.33, 0, 0, 25701
33.67, 0.14, 33.33, 0.27, 33.33, 0, 0, 25801
33.67, 0.14, 33.33, 0.27, 33.33, 0, 0, 25901
32.62, 0.14, 33.33, 0.27, 33.33, 0, 0, 26001
33.46, 0.14, 33.33, 0.27, 33.33, 0, 0, 26101
32.62, 0.14, 33.33, 0.27, 33.33, 0, 0, 26201
32.00, 0.14, 33.33, 0.27, 33.33, 0, 0, 26301
32.41, 0.14, 33.33, 0.27, 33.33, 0, 0, 26401
32.00, 0.14, 33.33, 0.27, 33.33, 0, 0, 26501
32.62, 0.14, 33.33, 0.27, 33.33, 0, 0, 26601
32.00, 0.14, 33.33, 0.27, 33.33, 0, 0, 26701
31.39, 0.14, 33.33, 0.27, 33.33, 0, 0, 26801
33.24, 0.13, 33.33, 0.27, 33.33, 0, 0, 26901
31.39, 0.14, 33.33, 0.27, 33.33, 0, 0, 27001
33.67, 0.14, 33.33, 0.27, 33.33, 0, 0, 27101
34.10, 0.14, 33.33, 0.27, 33.33, 0, 0, 27201
32.62, 0.13, 33.33, 0.27, 33.33, 0, 0, 27301
33.67, 0.13, 33.33, 0.27, 33.33, 0, 0, 27401
34.10, 0.13, 33.33, 0.27, 33.33, 0, 0, 27501
33.67, 0.13, 33.33, 0.27, 33.33, 0, 0, 27601
33.67, 0.13, 33.33, 0.27, 33.33, 0, 0, 27701
34.32, 0.13, 33.33, 0.27, 33.33, 0, 0, 27801
34.10, 0.13, 33.33, 0.27, 33.33, 0, 0, 27901
33.67, 0.13, 33.33, 0.27, 33.33, 0, 0, 28001
33.89, 0.13, 33.33, 0.27, 33.33, 0, 0, 28101
33.89, 0.13, 33.33, 0.27, 33.33, 0, 0, 28201
33.89, 0.13, 33.33, 0.27, 33.33, 0, 0, 28301
32.20, 0.13, 33.33, 0.27, 33.33, 0, 0, 28401
33.89, 0.13, 33.33, 0.27, 33.33, 0, 0, 28501
32.20, 0.13, 33.33, 0.27, 33.33, 0, 0, 28601
31.80, 0.13, 33.33, 0.27, 33.33, 0, 0, 28701
32.82, 0.13, 33.33, 0.27, 33.33, 0, 0, 28801
31.59, 0.14, 33.33, 0.27, 33.33, 0, 0, 28901
34.10, 0.13, 33.33, 0.27, 33.33, 0, 0, 29001
32.20, 0.13, 33.33, 0.27, 33.33, 0, 0, 29101
32.62, 0.13, 33.33, 0.27, 33.33, 0, 0, 29201
34.54, 0.13, 33.33, 0.27, 33.33, 0, 0, 29301
32.41, 0.13, 33.33, 0.27, 33.33, 0, 0, 29401
34.10, 0.13, 33.33, 0.27, 33.33, 0, 0, 29501
33.24, 0.13, 33.33, 0.27, 33.33, 0, 0, 29601
32.62, 0.13, 33.33, 0.27, 33.33, 0, 0, 29701
34.54, 0.13, 33.33, 0.27, 33.33, 0, 0, 29801
33.67, 0.14, 33.33, 0.27, 33.33, 0, 0, 29901
34.54, 0.14, 33.33, 0.27, 33.33, 0, 0, 30001
33.67, 0.14, 33.33, 0.27, 33.33, 0, 0, 30101
33.89, 0.14, 33.33, 0.27, 33.33, 0, 0, 30201
35.21, 0.13, 33.33, 0.27, 33.33, 0, 0, 30301
33.89, 0.13, 33.33, 0.27, 33.33, 0, 0, 30401
32.62, 0.14, 33.33, 0.27, 33.33, 0, 0, 30501
33.89, 0.14, 33.33, 0.27, 33.33, 0, 0, 30601
32.82, 0.14, 33.33, 0.27, 33.33, 0, 0, 30701
32.00, 0.14, 33.33, 0.27, 33.33, 0, 0, 30801
32.20, 0.13, 33.33, 0.27, 33.33, 0, 0, 30901
31.59, 0.13, 33.33, 0.27, 33.33, 0, 0, 31001
32.20, 0.13, 33.33, 0.27, 33.33, 0, 0, 31101
32.41, 0.13, 33.33, 0.27, 33.33, 0, 0, 31201
31.80, 0.13, 33.33, 0.27, 33.33, 0, 0, 31301
32.62, 0.13, 33.33, 0.27, 33.33, 0, 0, 31401
32.20, 0.13, 33.33, 0.27, 33.33, 0, 0, 31501
32.82, 0.13, 33.33, 0.27, 33.33, 0, 0, 31601
33.24, 0.13, 33.33, 0.27, 33.33, 0, 0, 31701
33.46, 0.13, 33.33, 0.27, 33.33, 0, 0, 31801
33.03, 0.13, 33.33, 0.27, 33.33, 0, 0, 31901
33.46, 0.13, 33.33, 0.27, 33.33, 0, 0, 32001
33.03, 0.13, 33.33, 0.27, 33.33, 0, 0, 32101
33.46, 0.13, 33.33, 0.27, 33.33, 0, 0, 32201
33.46, 0.13, 33.33, 0.27, 33.33, 0, 0, 32301
33.67, 0.13, 33.33, 0.27, 33.33, 0, 0, 32401
34.10, 0.13, 33.33, 0.27, 33.33, 0, 0, 32501
33.46, 0.13, 33.33, 0.27, 33.33, 0, 0, 32601
33.46, 0.13, 33.33, 0.27, 33.33, 0, 0, 32701
33.67, 0.13, 33.33, 0.27, 33.33, 0, 0, 32801
31.80, 0.13, 33.33, 0.27, 33.33, 0, 0, 32901
33.89, 0.13, 33.33, 0.27, 33.33, 0, 0, 33001
32.41, 0.13, 33.33, 0.27, 33.33, 0, 0, 33101
31.59, 0.13, 33.33, 0.27, 33.33, 0, 0, 33201
32.20, 0.13, 33.33, 0.27, 33.33, 0, 0, 33301
32.20, 0.13, 33.33, 0.27, 33.33, 0, 0, 33401
32.62, 0.13, 33.33, 0.27, 33.33, 0, 0, 33501
32.00, 0.13, 33.33, 0.27, 33.33, 0, 0, 33601
32.62, 0.13, 33.33, 0.27, 33.33, 0, 0, 33701
34.10, 0.13, 33.33, 0.27, 33.33, 0, 0, 33801
32.82, 0.13, 33.33, 0.27, 33.33, 0, 0, 33901
32.82, 0.13, 33.33, 0.27, 33.33, 0, 0, 34001
34.54, 0.13, 33.33, 0.27, 33.33, 0, 0, 34101
33.24, 0.14, 33.33, 0.27, 33.33, 0, 0, 34201
34.54, 0.14, 33.33, 0.27, 33.33, 0, 0, 34301
33.89, 0.14, 33.33, 0.27, 33.33, 0, 0, 34401
33.24, 0.14, 33.33, 0.27, 33.33, 0, 0, 34501
35.21, 0.13, 33.33, 0.27, 33.33, 0, 0, 34601
33.89, 0.13, 33.33, 0.27, 33.33, 0, 0, 34701
34.54, 0.13, 33.33, 0.27, 33.33, 0, 0, 34801
33.67, 0.13, 33.33, 0.27, 33.33, 0, 0, 34901
32.82, 0.13, 33.33, 0.27, 33.33, 0, 0, 35001
35.21, 0.13, 33.33, 0.27, 33.33, 0, 0, 35101
32.82, 0.13, 33.33, 0.27, 33.33, 0, 0, 35201
32.41, 0.13, 33.33, 0.27, 33.33, 0, 0, 35301
32.82, 0.13, 33.33, 0.27, 33.33, 0, 0, 35401
32.62, 0.13, 33.33, 0.27, 33.33, 0, 0, 35501
32.62, 0.13, 33.33, 0.27, 33.33, 0, 0, 35601
32.82, 0.13, 33.33, 0.27, 33.33, 0, 0, 35701
32.62, 0.13, 33.33, 0.27, 33.33, 0, 0, 35801
33.67, 0.13, 33.33, 0.27, 33.33, 0, 0, 35901
32.82, 0.13, 33.33, 0.27, 33.33, 0, 0, 36001
33.89, 0.13, 33.33, 0.27, 33.33, 0, 0, 36101
33.67, 0.13, 33.33, 0.27, 33.33, 0, 0, 36201
33.89, 0.13, 33.33, 0.27, 33.33, 0, 0, 36301
33.89, 0.13, 33.33, 0.27, 33.33, 0, 0, 36401
34.10, 0.13, 33.33, 0.27, 33.33, 0, 0, 36501
33.89, 0.13, 33.33, 0.27, 33.33, 0, 0, 36601
33.67, 0.13, 33.33, 0.27, 33.33, 0, 0, 36701
33.67, 0.13, 33.33, 0.27, 33.33, 0, 0, 36801
33.67, 0.13, 33.33, 0.27, 33.33, 0, 0, 36901
33.67, 0.13, 33.33, 0.27, 33.33, 0, 0, 37001
33.67, 0.13, 33.33, 0.27, 33.33, 0, 0, 37101
33.24, 0.13, 33.33, 0.27, 33.33, 0, 0, 37201
34.10, 0.13, 33.33, 0.27, 33.33, 0, 0, 37301
32.00, 0.13, 33.33, 0.27, 33.33, 0, 0, 37401
34.10, 0.13, 33.33, 0.27, 33.33, 0, 0, 37501
32.00, 0.13, 33.33, 0.27, 33.33, 0, 0, 37601
31.59, 0.14, 33.33, 0.27, 33.33, 0, 0, 37701
32.62, 0.14, 33.33, 0.27, 33.33, 0, 0, 37801
31.80, 0.13, 33.33, 0.27, 33.33, 0, 0, 37901
32.62, 0.13, 33.33, 0.27, 33.33, 0, 0, 38001
32.00, 0.13, 33.33, 0.27, 33.33, 0, 0, 38101
32.41, 0.13, 33.33, 0.27, 33.33, 0, 0, 38201
32.20, 0.13, 33.33, 0.27, 33.33, 0, 0, 38301
32.41, 0.13, 33.33, 0.27, 33.33, 0, 0, 38401
32.82, 0.13, 33.33, 0.27, 33.33, 0, 0, 38501
33.03, 0.13, 33.33, 0.27, 33.33, 0, 0, 38601
31.59, 0.13, 33.33, 0.27, 33.33, 0, 0, 38701
32.62, 0.13, 33.33, 0.27, 33.33, 0, 0, 38801
34.76, 0.13, 33.33, 0.27, 33.33, 0, 0, 38901
32.82, 0.13, 33.33, 0.27, 33.33, 0, 0, 39001
34.32, 0.13, 33.33, 0.27, 33.33, 0, 0, 39101
35.44, 0.13, 33.33, 0.27, 33.33, 0, 0, 39201
32.82, 0.13, 33.33, 0.27, 33.33, 0, 0, 39301
34.76, 0.13, 33.33, 0.27, 33.33, 0, 0, 39401
32.20, 0.13, 33.33, 0.27, 33.33, 0, 0, 39501
34.10, 0.13, 33.33, 0.27, 33.33, 0, 0, 39601
33.67, 0.13, 33.33, 0.27, 33.33, 0, 0, 39701
32.00, 0.13, 33.33, 0.27, 33.33, 0, 0, 39801
34.10, 0.13, 33.33, 0.27, 33.33, 0, 0, 39901
32.41, 0.13, 33.33, 0.27, 33.33, 0, 0, 40001
32.41, 0.13, 33.33, 0.27, 33.33, 0, 0, 40101
42.19, 0.57, 66.67, 0.27, 66.67, 1, 0, 40201
80.22, 0.31, 66.67, 0.27, 66.67, 1, 0, 40301
60.08, 0.45, 66.67, 0.27, 66.67, 1, 0, 40401
65.73, 0.41, 66.67, 0.27, 66.67, 1, 0, 40501
67.12, 0.41, 66.67, 0.27, 66.67, 1, 0, 40601
66.65, 0.41, 66.67, 0.27, 66.67, 1, 0, 40701
68.07, 0.42, 66.67, 0.27, 66.67, 1, 0, 40801
67.12, 0.42, 66.67, 0.27, 66.67, 1, 0, 40901
70.51, 0.41, 66.67, 0.27, 66.67, 1, 0, 41001
67.59, 0.42, 66.67, 0.27, 66.67, 1, 0, 41101
70.01, 0.41, 66.67, 0.27, 66.67, 1, 0, 41201
70.51, 0.41, 66.67, 0.27, 66.67, 1, 0, 41301
69.52, 0.42, 66.67, 0.27, 66.67, 1, 0, 41401
70.51, 0.41, 66.67, 0.27, 66.67, 1, 0, 41501
64.37, 0.44, 66.67, 0.27, 66.67, 1, 0, 41601
72.03, 0.40, 66.67, 0.27, 66.67, 1, 0, 41701
69.03, 0.44, 66.67, 0.27, 66.67, 1, 0, 41801
63.48, 0.44, 66.67, 0.27, 66.67, 1, 0, 41901
70.01, 0.43, 66.67, 0.27, 66.67, 1, 0, 42001
63.05, 0.45, 66.67, 0.27, 66.67, 1, 0, 42101
60.91, 0.47, 66.67, 0.27, 66.67, 1, 0, 42201
66.19, 0.44, 66.67, 0.27, 66.67, 1, 0, 42301
61.75, 0.46, 66.67, 0.27, 66.67, 1, 0, 42401
59.67, 0.49, 66.67, 0.27, 66.67, 1, 0, 42501
62.18, 0.46, 66.67, 0.27, 66.67, 1, 0, 42601
60.49, 0.48, 66.67, 0.27, 66.67, 1, 0, 42701
61.75, 0.46, 66.67, 0.27, 66.67, 1, 0, 42801
63.05, 0.45, 66.67, 0.27, 66.67, 1, 0, 42901
61.33, 0.47, 66.67, 0.27, 66.67, 1, 0, 43001
62.61, 0.44, 66.67, 0.27, 66.67, 1, 0, 43101
61.75, 0.46, 66.67, 0.27, 66.67, 1, 0, 43201
59.67, 0.47, 66.67, 0.27, 66.67, 1, 0, 43301
67.59, 0.43, 66.67, 0.27, 66.67, 1, 0, 43401
61.33, 0.45, 66.67, 0.27, 66.67, 1, 0, 43501
67.12, 0.43, 66.67, 0.27, 66.67, 1, 0, 43601
69.52, 0.41, 66.67, 0.27, 66.67, 1, 0, 43701
67.59, 0.43, 66.67, 0.27, 66.67, 1, 0, 43801
68.55, 0.42, 66.67, 0.27, 66.67, 1, 0, 43901
67.12, 0.42, 66.67, 0.27, 66.67, 1, 0, 44001
69.03, 0.42, 66.67, 0.27, 66.67, 1, 0, 44101
66.65, 0.42, 66.67, 0.27, 66.67, 1, 0, 44201
68.07, 0.42, 66.67, 0.27, 66.67, 1, 0, 44301
66.19, 0.42, 66.67, 0.27, 66.67, 1, 0, 44401
66.65, 0.42, 66.67, 0.27, 66.67, 1, 0, 44501
67.59, 0.42, 66.67, 0.27, 66.67, 1, 0, 44601
66.19, 0.42, 66.67, 0.27, 66.67, 1, 0, 44701
66.65, 0.42, 66.67, 0.27, 66.67, 1, 0, 44801
67.59, 0.42, 66.67, 0.27, 66.67, 1, 0, 44901
66.19, 0.42, 66.67, 0.27, 66.67, 1, 0, 45001
68.55, 0.42, 66.67, 0.27, 66.67, 1, 0, 45101
67.59, 0.42, 66.67, 0.27, 66.67, 1, 0, 45201
68.07, 0.42, 66.67, 0.27, 66.67, 1, 0, 45301
67.59, 0.42, 66.67, 0.27, 66.67, 1, 0, 45401
70.01, 0.41, 66.67, 0.27, 66.67, 1, 0, 45501
68.07, 0.42, 66.67, 0.27, 66.67, 1, 0, 45601
69.52, 0.42, 66.67, 0.27, 66.67, 1, 0, 45701
71.01, 0.42, 66.67, 0.27, 66.67, 1, 0, 45801
68.07, 0.43, 66.67, 0.27, 66.67, 1, 0, 45901
71.52, 0.41, 66.67, 0.27, 66.67, 1, 0, 46001
67.59, 0.45, 66.67, 0.27, 66.67, 1, 0, 46101
69.03, 0.43, 66.67, 0.27, 66.67, 1, 0, 46201
70.51, 0.43, 66.67, 0.27, 66.67, 1, 0, 46301
62.61, 0.46, 66.67, 0.27, 66.67, 1, 0, 46401
70.01, 0.44, 66.67, 0.27, 66.67, 1, 0, 46501
66.65, 0.45, 66.67, 0.27, 66.67, 1, 0, 46601
63.05, 0.45, 66.67, 0.27, 66.67, 1, 0, 46701
69.52, 0.44, 66.67, 0.27, 66.67, 1, 0, 46801
63.05, 0.45, 66.67, 0.27, 66.67, 1, 0, 46901
60.08, 0.48, 66.67, 0.27, 66.67, 1, 0, 47001
66.19, 0.45, 66.67, 0.27, 66.67, 1, 0, 47101
63.48, 0.45, 66.67, 0.27, 66.67, 1, 0, 47201
60.91, 0.47, 66.67, 0.27, 66.67, 1, 0, 47301
63.92, 0.44, 66.67, 0.27, 66.67, 1, 0, 47401
62.18, 0.46, 66.67, 0.27, 66.67, 1, 0, 47501
59.67, 0.47, 66.67, 0.27, 66.67, 1, 0, 47601
66.19, 0.44, 66.67, 0.27, 66.67, 1, 0, 47701
61.75, 0.45, 66.67, 0.27, 66.67, 1, 0, 47801
68.07, 0.43, 66.67, 0.27, 66.67, 1, 0, 47901
63.05, 0.44, 66.67, 0.27, 66.67, 1, 0, 48001
64.37, 0.44, 66.67, 0.27, 66.67, 1, 0, 48101
68.55, 0.42, 66.67, 0.27, 66.67, 1, 0, 48201
65.27, 0.42, 66.67, 0.27, 66.67, 1, 0, 48301
68.07, 0.42, 66.67, 0.27, 66.67, 1, 0, 48401
65.73, 0.42, 66.67, 0.27, 66.67, 1, 0, 48501
65.27, 0.42, 66.67, 0.27, 66.67, 1, 0, 48601
65.73, 0.42, 66.67, 0.27, 66.67, 1, 0, 48701
66.19, 0.42, 66.67, 0.27, 66.67, 1, 0, 48801
65.73, 0.42, 66.67, 0.27, 66.67, 1, 0, 48901
65.73, 0.42, 66.67, 0.27, 66.67, 1, 0, 49001
66.65, 0.42, 66.67, 0.27, 66.67, 1, 0, 49101
64.82, 0.42, 66.67, 0.27, 66.67, 1, 0, 49201
65.73, 0.42, 66.67, 0.27, 66.67, 1, 0, 49301
68.07, 0.42, 66.67, 0.27, 66.67, 1, 0, 49401
65.27, 0.42, 66.67, 0.27, 66.67, 1, 0, 49501
66.65, 0.42, 66.67, 0.27, 66.67, 1, 0, 49601
68.07, 0.42, 66.67, 0.27, 66.67, 1, 0, 49701
68.55, 0.42, 66.67, 0.27, 66.67, 1, 0, 49801
66.65, 0.42, 66.67, 0.27, 66.67, 1, 0, 49901
69.03, 0.42, 66.67, 0.27, 66.67, 1, 0, 50001
66.65, 0.42, 66.67, 0.27, 66.67, 1, 0, 50101
70.51, 0.40, 66.67, 0.27, 66.67, 1, 0, 50201
71.52, 0.40, 66.67, 0.27, 66.67, 1, 0, 50301
71.01, 0.41, 66.67, 0.27, 66.67, 1, 0, 50401
70.01, 0.42, 66.67, 0.27, 66.67, 1, 0, 50501
69.03, 0.44, 66.67, 0.27, 66.67, 1, 0, 50601
73.06, 0.40, 66.67, 0.27, 66.67, 1, 0, 50701
68.07, 0.45, 66.67, 0.27, 66.67, 1, 0, 50801
67.59, 0.45, 66.67, 0.27, 66.67, 1, 0, 50901
68.07, 0.44, 66.67, 0.27, 66.67, 1, 0, 51001
68.55, 0.45, 66.67, 0.27, 66.67, 1, 0, 51101
67.12, 0.45, 66.67, 0.27, 66.67, 1, 0, 51201
64.82, 0.44, 66.67, 0.27, 66.67, 1, 0, 51301
67.59, 0.44, 66.67, 0.27, 66.67, 1, 0, 51401
63.48, 0.45, 66.67, 0.27, 66.67, 1, 0, 51501
68.07, 0.45, 66.67, 0.27, 66.67, 1, 0, 51601
70.01, 0.42, 66.67, 0.27, 66.67, 1, 0, 51701
63.48, 0.44, 66.67, 0.27, 66.67, 1, 0, 51801
70.51, 0.42, 66.67, 0.27, 66.67, 1, 0, 51901
65.27, 0.42, 66.67, 0.27, 66.67, 1, 0, 52001
61.75, 0.45, 66.67, 0.27, 66.67, 1, 0, 52101
66.19, 0.42, 66.67, 0.27, 66.67, 1, 0, 52201
64.82, 0.42, 66.67, 0.27, 66.67, 1, 0, 52301
64.82, 0.43, 66.67, 0.27, 66.67, 1, 0, 52401
66.19, 0.42, 66.67, 0.27, 66.67, 1, 0, 52501
64.82, 0.43, 66.67, 0.27, 66.67, 1, 0, 52601
67.12, 0.42, 66.67, 0.27, 66.67, 1, 0, 52701
66.19, 0.42, 66.67, 0.27, 66.67, 1, 0, 52801
65.73, 0.42, 66.67, 0.27, 66.67, 1, 0, 52901
65.73, 0.42, 66.67, 0.27, 66.67, 1, 0, 53001
65.73, 0.42, 66.67, 0.27, 66.67, 1, 0, 53101
65.27, 0.42, 66.67, 0.27, 66.67, 1, 0, 53201
65.27, 0.42, 66.67, 0.27, 66.67, 1, 0, 53301
62.61, 0.45, 66.67, 0.27, 66.67, 1, 0, 53401
63.05, 0.44, 66.67, 0.27, 66.67, 1, 0, 53501
65.73, 0.42, 66.67, 0.27, 66.67, 1, 0, 53601
64.82, 0.42, 66.67, 0.27, 66.67, 1, 0, 53701
65.27, 0.42, 66.67, 0.27, 66.67, 1, 0, 53801
67.12, 0.42, 66.67, 0.27, 66.67, 1, 0, 53901
64.37, 0.43, 66.67, 0.27, 66.67, 1, 0, 54001
68.07, 0.43, 66.67, 0.27, 66.67, 1, 0, 54101
67.12, 0.43, 66.67, 0.27, 66.67, 1, 0, 54201
68.07, 0.43, 66.67, 0.27, 66.67, 1, 0, 54301
67.12, 0.42, 66.67, 0.27, 66.67, 1, 0, 54401
72.54, 0.40, 66.67, 0.27, 66.67, 1, 0, 54501
68.55, 0.43, 66.67, 0.27, 66.67, 1, 0, 54601
70.01, 0.42, 66.67, 0.27, 66.67, 1, 0, 54701
70.51, 0.42, 66.67, 0.27, 66.67, 1, 0, 54801
71.52, 0.41, 66.67, 0.27, 66.67, 1, 0, 54901
72.54, 0.40, 66.67, 0.27, 66.67, 1, 0, 55001
69.52, 0.44, 66.67, 0.27, 66.67, 1, 0, 55101
73.58, 0.39, 66.67, 0.27, 66.67, 1, 0, 55201
69.52, 0.42, 66.67, 0.27, 66.67, 1, 0, 55301
67.12, 0.44, 66.67, 0.27, 66.67, 1, 0, 55401
73.06, 0.39, 66.67, 0.27, 66.67, 1, 0, 55501
65.73, 0.43, 66.67, 0.27, 66.67, 1, 0, 55601
67.59, 0.44, 66.67, 0.27, 66.67, 1, 0, 55701
66.19, 0.43, 66.67, 0.27, 66.67, 1, 0, 55801
66.65, 0.44, 66.67, 0.27, 66.67, 1, 0, 55901
70.01, 0.42, 66.67, 0.27, 66.67, 1, 0, 56001
67.12, 0.44, 66.67, 0.27, 66.67, 1, 0, 56101
70.01, 0.42, 66.67, 0.27, 66.67, 1, 0, 56201
65.73, 0.42, 66.67, 0.27, 66.67, 1, 0, 56301
69.52, 0.42, 66.67, 0.27, 66.67, 1, 0, 56401
67.12, 0.42, 66.67, 0.27, 66.67, 1, 0, 56501
65.73, 0.42, 66.67, 0.27, 66.67, 1, 0, 56601
67.59, 0.42, 66.67, 0.27, 66.67, 1, 0, 56701
66.65, 0.42, 66.67, 0.27, 66.67, 1, 0, 56801
65.27, 0.42, 66.67, 0.27, 66.67, 1, 0, 56901
67.12, 0.42, 66.67, 0.27, 66.67, 1, 0, 57001
66.65, 0.42, 66.67, 0.27, 66.67, 1, 0, 57101
65.73, 0.42, 66.67, 0.27, 66.67, 1, 0, 57201
67.12, 0.42, 66.67, 0.27, 66.67, 1, 0, 57301
66.19, 0.42, 66.67, 0.27, 66.67, 1, 0, 57401
64.82, 0.42, 66.67, 0.27, 66.67, 1, 0, 57501
69.52, 0.42, 66.67, 0.27, 66.67, 1, 0, 57601
62.61, 0.45, 66.67, 0.27, 66.67, 1, 0, 57701
65.27, 0.42, 66.67, 0.27, 66.67, 1, 0, 57801
62.61, 0.45, 66.67, 0.27, 66.67, 1, 0, 57901
64.37, 0.43, 66.67, 0.27, 66.67, 1, 0, 58001
62.61, 0.44, 66.67, 0.27, 66.67, 1, 0, 58101
61.33, 0.47, 66.67, 0.27, 66.67, 1, 0, 58201
64.37, 0.43, 66.67, 0.27, 66.67, 1, 0, 58301
69.03, 0.42, 66.67, 0.27, 66.67, 1, 0, 58401
63.48, 0.44, 66.67, 0.27, 66.67, 1, 0, 58501
64.82, 0.42, 66.67, 0.27, 66.67, 1, 0, 58601
66.65, 0.42, 66.67, 0.27, 66.67, 1, 0, 58701
64.37, 0.44, 66.67, 0.27, 66.67, 1, 0, 58801
67.59, 0.43, 66.67, 0.27, 66.67, 1, 0, 58901
70.51, 0.42, 66.67, 0.27, 66.67, 1, 0, 59001
62.18, 0.44, 66.67, 0.27, 66.67, 1, 0, 59101
71.52, 0.40, 66.67, 0.27, 66.67, 1, 0, 59201
73.06, 0.40, 66.67, 0.27, 66.67, 1, 0, 59301
70.51, 0.42, 66.67, 0.27, 66.67, 1, 0, 59401
73.06, 0.39, 66.67, 0.27, 66.67, 1, 0, 59501
66.65, 0.44, 66.67, 0.27, 66.67, 1, 0, 59601
72.03, 0.40, 66.67, 0.27, 66.67, 1, 0, 59701
70.51, 0.42, 66.67, 0.27, 66.67, 1, 0, 59801
66.19, 0.43, 33.33, 0.27, 33.33, 0, 0, 59901
27.14, 0.19, 33.33, 0.27, 33.33, 0, 0, 60001
34.10, 0.15, 33.33, 0.27, 33.33, 0, 0, 60101
33.67, 0.14, 33.33, 0.27, 33.33, 0, 0, 60201
33.24, 0.14, 33.33, 0.27, 33.33, 0, 0, 60301
33.24, 0.14, 33.33, 0.27, 33.33, 0, 0, 60401
34.32, 0.14, 33.33, 0.27, 33.33, 0, 0, 60501
33.03, 0.14, 33.33, 0.27, 33.33, 0, 0, 60601
33.67, 0.13, 33.33, 0.27, 33.33, 0, 0, 60701
34.10, 0.13, 33.33, 0.27, 33.33, 0, 0, 60801
33.67, 0.13, 33.33, 0.27, 33.33, 0, 0, 60901
33.89, 0.13, 33.33, 0.27, 33.33, 0, 0, 61001
33.67, 0.13, 33.33, 0.27, 33.33, 0, 0, 61101
33.89, 0.13, 33.33, 0.27, 33.33, 0, 0, 61201
33.67, 0.13, 33.33, 0.27, 33.33, 0, 0, 61301
33.67, 0.13, 33.33, 0.27, 33.33, 0, 0, 61401
33.67, 0.13, 33.33, 0.27, 33.33, 0, 0, 61501
33.89, 0.13, 33.33, 0.27, 33.33, 0, 0, 61601
33.46, 0.13, 33.33, 0.27, 33.33, 0, 0, 61701
33.89, 0.13, 33.33, 0.27, 33.33, 0, 0, 61801
33.46, 0.13, 33.33, 0.27, 33.33, 0, 0, 61901
31.80, 0.13, 33.33, 0.27, 33.33, 0, 0, 62001
33.46, 0.13, 33.33, 0.27, 33.33, 0, 0, 62101
31.80, 0.13, 33.33, 0.27, 33.33, 0, 0, 62201
32.00, 0.13, 33.33, 0.27, 33.33, 0, 0, 62301
32.00, 0.13, 33.33, 0.27, 33.33, 0, 0, 62401
31.39, 0.14, 33.33, 0.27, 33.33, 0, 0, 62501
32.00, 0.14, 33.33, 0.27, 33.33, 0, 0, 62601
31.80, 0.14, 33.33, 0.27, 33.33, 0, 0, 62701
32.00, 0.14, 33.33, 0.27, 33.33, 0, 0, 62801
32.82, 0.14, 33.33, 0.27, 33.33, 0, 0, 62901
30.41, 0.15, 33.33, 0.27, 33.33, 0, 0, 63001
33.24, 0.14, 33.33, 0.27, 33.33, 0, 0, 63101
35.21, 0.14, 33.33, 0.27, 33.33, 0, 0, 63201
33.46, 0.14, 33.33, 0.27, 33.33, 0, 0, 63301
33.67, 0.14, 33.33, 0.27, 33.33, 0, 0, 63401
36.13, 0.13, 33.33, 0.27, 33.33, 0, 0, 63501
33.03, 0.14, 33.33, 0.27, 33.33, 0, 0, 63601
35.21, 0.13, 33.33, 0.27, 33.33, 0, 0, 63701
33.67, 0.13, 33.33, 0.27, 33.33, 0, 0, 63801
33.24, 0.14, 33.33, 0.27, 33.33, 0, 0, 63901
35.67, 0.13, 33.33, 0.27, 33.33, 0, 0, 64001
33.46, 0.13, 33.33, 0.27, 33.33, 0, 0, 64101
34.76, 0.13, 33.33, 0.27, 33.33, 0, 0, 64201
33.89, 0.14, 33.33, 0.27, 33.33, 0, 0, 64301
32.62, 0.14, 33.33, 0.27, 33.33, 0, 0, 64401
35.90, 0.13, 33.33, 0.27, 33.33, 0, 0, 64501
32.82, 0.14, 33.33, 0.27, 33.33, 0, 0, 64601
32.82, 0.14, 33.33, 0.27, 33.33, 0, 0, 64701
32.82, 0.13, 33.33, 0.27, 33.33, 0, 0, 64801
32.62, 0.13, 33.33, 0.27, 33.33, 0, 0, 64901
33.67, 0.13, 33.33, 0.27, 33.33, 0, 0, 65001
32.82, 0.13, 33.33, 0.27, 33.33, 0, 0, 65101
33.89, 0.13, 33.33, 0.27, 33.33, 0, 0, 65201
33.67, 0.13, 33.33, 0.27, 33.33, 0, 0, 65301
33.89, 0.13, 33.33, 0.27, 33.33, 0, 0, 65401
33.89, 0.13, 33.33, 0.27, 33.33, 0, 0, 65501
33.89, 0.13, 33.33, 0.27, 33.33, 0, 0, 65601
33.89, 0.13, 33.33, 0.27, 33.33, 0, 0, 65701
33.89, 0.13, 33.33, 0.27, 33.33, 0, 0, 65801
33.89, 0.13, 33.33, 0.27, 33.33, 0, 0, 65901
33.89, 0.13, 33.33, 0.27, 33.33, 0, 0, 66001
33.67, 0.13, 33.33, 0.27, 33.33, 0, 0, 66101
33.46, 0.13, 33.33, 0.27, 33.33, 0, 0, 66201
33.89, 0.13, 33.33, 0.27, 33.33, 0, 0, 66301
34.10, 0.13, 33.33, 0.27, 33.33, 0, 0, 66401
31.80, 0.14, 33.33, 0.27, 33.33, 0, 0, 66501
34.54, 0.14, 33.33, 0.27, 33.33, 0, 0, 66601
32.62, 0.14, 33.33, 0.27, 33.33, 0, 0, 66701
31.00, 0.15, 33.33, 0.27, 33.33, 0, 0, 66801
33.24, 0.14, 33.33, 0.27, 33.33, 0, 0, 66901
32.41, 0.14, 33.33, 0.27, 33.33, 0, 0, 67001
29.28, 0.16, 33.33, 0.27, 33.33, 0, 0, 67101
33.03, 0.15, 33.33, 0.27, 33.33, 0, 0, 67201
30.61, 0.15, 33.33, 0.27, 33.33, 0, 0, 67301
33.67, 0.15, 33.33, 0.27, 33.33, 0, 0, 67401
31.59, 0.14, 33.33, 0.27, 33.33, 0, 0, 67501
30.22, 0.15, 33.33, 0.27, 33.33, 0, 0, 67601
33.46, 0.14, 33.33, 0.27, 33.33, 0, 0, 67701
31.39, 0.14, 33.33, 0.27, 33.33, 0, 0, 67801
33.03, 0.14, 33.33, 0.27, 33.33, 0, 0, 67901
34.32, 0.14, 33.33, 0.27, 33.33, 0, 0, 68001
30.41, 0.15, 33.33, 0.27, 33.33, 0, 0, 68101
33.46, 0.14, 33.33, 0.27, 33.33, 0, 0, 68201
35.21, 0.13, 33.33, 0.27, 33.33, 0, 0, 68301
33.24, 0.14, 33.33, 0.27, 33.33, 0, 0, 68401
35.21, 0.13, 33.33, 0.27, 33.33, 0, 0, 68501
35.21, 0.13, 33.33, 0.27, 33.33, 0, 0, 68601
33.24, 0.13, 33.33, 0.27, 33.33, 0, 0, 68701
35.67, 0.13, 33.33, 0.27, 33.33, 0, 0, 68801
32.62, 0.13, 33.33, 0.27, 33.33, 0, 0, 68901
35.21, 0.13, 33.33, 0.27, 33.33, 0, 0, 69001
34.76, 0.13, 33.33, 0.27, 33.33, 0, 0, 69101
32.62, 0.13, 33.33, 0.27, 33.33, 0, 0, 69201
34.76, 0.13, 33.33, 0.27, 33.33, 0, 0, 69301
33.03, 0.13, 33.33, 0.27, 33.33, 0, 0, 69401
33.89, 0.13, 33.33, 0.27, 33.33, 0, 0, 69501
33.24, 0.13, 33.33, 0.27, 33.33, 0, 0, 69601
34.10, 0.13, 33.33, 0.27, 33.33, 0, 0, 69701
33.89, 0.13, 33.33, 0.27, 33.33, 0, 0, 69801
33.67, 0.13, 33.33, 0.27, 33.33, 0, 0, 69901
33.89, 0.13, 33.33, 0.27, 33.33, 0, 0, 70001
33.67, 0.13, 33.33, 0.27, 33.33, 0, 0, 70101
33.46, 0.13, 33.33, 0.27, 33.33, 0, 0, 70201
33.67, 0.13, 33.33, 0.27, 33.33, 0, 0, 70301
33.46, 0.13, 33.33, 0.27, 33.33, 0, 0, 70401
33.24, 0.13, 33.33, 0.27, 33.33, 0, 0, 70501
34.10, 0.14, 33.33, 0.27, 33.33, 0, 0, 70601
34.10, 0.14, 33.33, 0.27, 33.33, 0, 0, 70701
33.89, 0.14, 33.33, 0.27, 33.33, 0, 0, 70801
35.44, 0.13, 33.33, 0.27, 33.33, 0, 0, 70901
32.41, 0.14, 33.33, 0.27, 33.33, 0, 0, 71001
34.76, 0.14, 33.33, 0.27, 33.33, 0, 0, 71101
33.24, 0.14, 33.33, 0.27, 33.33, 0, 0, 71201
32.41, 0.14, 33.33, 0.27, 33.33, 0, 0, 71301
34.76, 0.15, 33.33, 0.27, 33.33, 0, 0, 71401
32.82, 0.15, 33.33, 0.27, 33.33, 0, 0, 71501
31.00, 0.15, 33.33, 0.27, 33.33, 0, 0, 71601
32.82, 0.14, 33.33, 0.27, 33.33, 0, 0, 71701
32.20, 0.14, 33.33, 0.27, 33.33, 0, 0, 71801
30.41, 0.15, 33.33, 0.27, 33.33, 0, 0, 71901
31.80, 0.14, 33.33, 0.27, 33.33, 0, 0, 72001
31.59, 0.14, 33.33, 0.27, 33.33, 0, 0, 72101
33.24, 0.14, 33.33, 0.27, 33.33, 0, 0, 72201
32.62, 0.14, 33.33, 0.27, 33.33, 0, 0, 72301
31.00, 0.14, 33.33, 0.27, 33.33, 0, 0, 72401
32.62, 0.13, 33.33, 0.27, 33.33, 0, 0, 72501
31.20, 0.14, 33.33, 0.27, 33.33, 0, 0, 72601
33.24, 0.14, 33.33, 0.27, 33.33, 0, 0, 72701
33.67, 0.14, 33.33, 0.27, 33.33, 0, 0, 72801
30.41, 0.15, 33.33, 0.27, 33.33, 0, 0, 72901
33.46, 0.14, 33.33, 0.27, 33.33, 0, 0, 73001
35.90, 0.13, 33.33, 0.27, 33.33, 0, 0, 73101
33.03, 0.13, 33.33, 0.27, 33.33, 0, 0, 73201
33.89, 0.13, 33.33, 0.27, 33.33, 0, 0, 73301
34.99, 0.13, 33.33, 0.27, 33.33, 0, 0, 73401
33.46, 0.13, 33.33, 0.27, 33.33, 0, 0, 73501
34.54, 0.13, 33.33, 0.27, 33.33, 0, 0, 73601
33.03, 0.13, 33.33, 0.27, 33.33, 0, 0, 73701
32.41, 0.13, 33.33, 0.27, 33.33, 0, 0, 73801
34.99, 0.13, 33.33, 0.27, 33.33, 0, 0, 73901
33.67, 0.13, 33.33, 0.27, 33.33, 0, 0, 74001
33.46, 0.13, 33.33, 0.27, 33.33, 0, 0, 74101
33.89, 0.13, 33.33, 0.27, 33.33, 0, 0, 74201
33.89, 0.13, 33.33, 0.27, 33.33, 0, 0, 74301
34.99, 0.13, 33.33, 0.27, 33.33, 0, 0, 74401
33.67, 0.13, 33.33, 0.27, 33.33, 0, 0, 74501
33.67, 0.13, 33.33, 0.27, 33.33, 0, 0, 74601
33.24, 0.13, 33.33, 0.27, 33.33, 0, 0, 74701
33.24, 0.13, 33.33, 0.27, 33.33, 0, 0, 74801
33.46, 0.13, 33.33, 0.27, 33.33, 0, 0, 74901
33.03, 0.14, 33.33, 0.27, 33.33, 0, 0, 75001
33.67, 0.14, 33.33, 0.27, 33.33, 0, 0, 75101
34.76, 0.14, 33.33, 0.27, 33.33, 0, 0, 75201
33.67, 0.14, 33.33, 0.27, 33.33, 0, 0, 75301
33.89, 0.14, 33.33, 0.27, 33.33, 0, 0, 75401
35.21, 0.14, 33.33, 0.27, 33.33, 0, 0, 75501
34.76, 0.15, 33.33, 0.27, 33.33, 0, 0, 75601
34.99, 0.15, 33.33, 0.27, 33.33, 0, 0, 75701
33.03, 0.15, 33.33, 0.27, 33.33, 0, 0, 75801
34.10, 0.15, 33.33, 0.27, 33.33, 0, 0, 75901
34.32, 0.15, 33.33, 0.27, 33.33, 0, 0, 76001
32.41, 0.15, 33.33, 0.27, 33.33, 0, 0, 76101
33.67, 0.14, 33.33, 0.27, 33.33, 0, 0, 76201
31.59, 0.15, 33.33, 0.27, 33.33, 0, 0, 76301
32.41, 0.14, 33.33, 0.27, 33.33, 0, 0, 76401
32.00, 0.13, 33.33, 0.27, 33.33, 0, 0, 76501
31.59, 0.13, 33.33, 0.27, 33.33, 0, 0, 76601
31.00, 0.14, 33.33, 0.27, 33.33, 0, 0, 76701
33.24, 0.13, 33.33, 0.27, 33.33, 0, 0, 76801
31.39, 0.14, 33.33, 0.27, 33.33, 0, 0, 76901
33.46, 0.14, 33.33, 0.27, 33.33, 0, 0, 77001
33.67, 0.14, 33.33, 0.27, 33.33, 0, 0, 77101
30.22, 0.15, 33.33, 0.27, 33.33, 0, 0, 77201
33.24, 0.13, 33.33, 0.27, 33.33, 0, 0, 77301
32.82, 0.13, 33.33, 0.27, 33.33, 0, 0, 77401
33.03, 0.13, 33.33, 0.27, 33.33, 0, 0, 77501
33.67, 0.13, 33.33, 0.27, 33.33, 0, 0, 77601
33.03, 0.13, 33.33, 0.27, 33.33, 0, 0, 77701
33.67, 0.13, 33.33, 0.27, 33.33, 0, 0, 77801
34.32, 0.13, 33.33, 0.27, 33.33, 0, 0, 77901
34.10, 0.13, 33.33, 0.27, 33.33, 0, 0, 78001
32.41, 0.13, 33.33, 0.27, 33.33, 0, 0, 78101
33.67, 0.13, 33.33, 0.27, 33.33, 0, 0, 78201
32.62, 0.13, 33.33, 0.27, 33.33, 0, 0, 78301
33.24, 0.13, 33.33, 0.27, 33.33, 0, 0, 78401
33.24, 0.13, 33.33, 0.27, 33.33, 0, 0, 78501
32.41, 0.13, 33.33, 0.27, 33.33, 0, 0, 78601
34.99, 0.13, 33.33, 0.27, 33.33, 0, 0, 78701
33.24, 0.13, 33.33, 0.27, 33.33, 0, 0, 78801
34.99, 0.13, 33.33, 0.27, 33.33, 0, 0, 78901
33.03, 0.13, 33.33, 0.27, 33.33, 0, 0, 79001
33.03, 0.13, 33.33, 0.27, 33.33, 0, 0, 79101
35.90, 0.13, 33.33, 0.27, 33.33, 0, 0, 79201
34.32, 0.14, 33.33, 0.27, 33.33, 0, 0, 79301
34.10, 0.14, 33.33, 0.27, 33.33, 0, 0, 79401
34.76, 0.14, 33.33, 0.27, 33.33, 0, 0, 79501
34.32, 0.14, 33.33, 0.27, 33.33, 0, 0, 79601
34.10, 0.14, 33.33, 0.27, 33.33, 0, 0, 79701
34.32, 0.14, 33.33, 0.27, 33.33, 0, 0, 79801
34.32, 0.14, 33.33, 0.27, 33.33, 0, 0, 79901
32.82, 0.14, 33.33, 0.27, 33.33, 0, 0, 80001
39.79, 0.18, 33.33, 0.27, 33.33, 0, 0, 80101
32.62, 0.24, 33.33, 0.27, 33.33, 0, 0, 80201
32.62, 0.24, 33.33, 0.27, 33.33, 0, 0, 80301
33.89, 0.24, 33.33, 0.27, 33.33, 0, 0, 80401
33.24, 0.24, 33.33, 0.27, 33.33, 0, 0, 80501
32.41, 0.24, 33.33, 0.27, 33.33, 0, 0, 80601
33.67, 0.24, 33.33, 0.27, 33.33, 0, 0, 80701
33.46, 0.24, 33.33, 0.27, 33.33, 0, 0, 80801
32.82, 0.24, 33.33, 0.27, 33.33, 0, 0, 80901
33.67, 0.24, 33.33, 0.27, 33.33, 0, 0, 81001
33.03, 0.24, 33.33, 0.27, 33.33, 0, 0, 81101
33.89, 0.24, 33.33, 0.27, 33.33, 0, 0, 81201
33.24, 0.24, 33.33, 0.27, 33.33, 0, 0, 81301
34.32, 0.24, 33.33, 0.27, 33.33, 0, 0, 81401
34.10, 0.24, 33.33, 0.27, 33.33, 0, 0, 81501
34.32, 0.24, 33.33, 0.27, 33.33, 0, 0, 81601
34.54, 0.24, 33.33, 0.27, 33.33, 0, 0, 81701
33.24, 0.24, 33.33, 0.27, 33.33, 0, 0, 81801
34.76, 0.24, 33.33, 0.27, 33.33, 0, 0, 81901
33.46, 0.24, 33.33, 0.27, 33.33, 0, 0, 82001
32.82, 0.24, 33.33, 0.27, 33.33, 0, 0, 82101
33.67, 0.24, 33.33, 0.27, 33.33, 0, 0, 82201
32.62, 0.24, 33.33, 0.27, 33.33, 0, 0, 82301
32.20, 0.24, 33.33, 0.27, 33.33, 0, 0, 82401
32.82, 0.24, 33.33, 0.27, 33.33, 0, 0, 82501
32.20, 0.24, 33.33, 0.27, 33.33, 0, 0, 82601
33.24, 0.24, 33.33, 0.27, 33.33, 0, 0, 82701
32.41, 0.24, 33.33, 0.27, 33.33, 0, 0, 82801
32.82, 0.24, 33.33, 0.27, 33.33, 0, 0, 82901
33.03, 0.24, 33.33, 0.27, 33.33, 0, 0, 83001
31.59, 0.24, 33.33, 0.27, 33.33, 0, 0, 83101
33.03, 0.24, 33.33, 0.27, 33.33, 0, 0, 83201
34.76, 0.24, 33.33, 0.27, 33.33, 0, 0, 83301
32.62, 0.24, 33.33, 0.27, 33.33, 0, 0, 83401
34.10, 0.24, 33.33, 0.27, 33.33, 0, 0, 83501
34.10, 0.24, 33.33, 0.27, 33.33, 0, 0, 83601
32.41, 0.24, 33.33, 0.27, 33.33, 0, 0, 83701
34.54, 0.24, 33.33, 0.27, 33.33, 0, 0, 83801
34.32, 0.24, 33.33, 0.27, 33.33, 0, 0, 83901
33.89, 0.24, 33.33, 0.27, 33.33, 0, 0, 84001
34.10, 0.24, 33.33, 0.27, 33.33, 0, 0, 84101
33.89, 0.24, 33.33, 0.27, 33.33, 0, 0, 84201
35.21, 0.24, 33.33, 0.27, 33.33, 0, 0, 84301
33.67, 0.24, 33.33, 0.27, 33.33, 0, 0, 84401
33.46, 0.24, 33.33, 0.27, 33.33, 0, 0, 84501
33.46, 0.24, 33.33, 0.27, 33.33, 0, 0, 84601
34.10, 0.24, 33.33, 0.27, 33.33, 0, 0, 84701
33.67, 0.24, 33.33, 0.27, 33.33, 0, 0, 84801
34.10, 0.24, 33.33, 0.27, 33.33, 0, 0, 84901
33.67, 0.24, 33.33, 0.27, 33.33, 0, 0, 85001
33.46, 0.24, 33.33, 0.27, 33.33, 0, 0, 85101
34.54, 0.24, 33.33, 0.27, 33.33, 0, 0, 85201
33.89, 0.24, 33.33, 0.27, 33.33, 0, 0, 85301
33.24, 0.24, 33.33, 0.27, 33.33, 0, 0, 85401
33.67, 0.24, 33.33, 0.27, 33.33, 0, 0, 85501
33.46, 0.24, 33.33, 0.27, 33.33, 0, 0, 85601
34.10, 0.24, 33.33, 0.27, 33.33, 0, 0, 85701
33.67, 0.24, 33.33, 0.27, 33.33, 0, 0, 85801
34.54, 0.24, 33.33, 0.27, 33.33, 0, 0, 85901
34.54, 0.24, 33.33, 0.27, 33.33, 0, 0, 86001
34.76, 0.24, 33.33, 0.27, 33.33, 0, 0, 86101
34.76, 0.24, 33.33, 0.27, 33.33, 0, 0, 86201
33.46, 0.24, 33.33, 0.27, 33.33, 0, 0, 86301
34.76, 0.24, 33.33, 0.27, 33.33, 0, 0, 86401
33.67, 0.24, 33.33, 0.27, 33.33, 0, 0, 86501
33.03, 0.24, 33.33, 0.27, 33.33, 0, 0, 86601
33.46, 0.24, 33.33, 0.27, 33.33, 0, 0, 86701
32.82, 0.24, 33.33, 0.27, 33.33, 0, 0, 86801
32.20, 0.24, 33.33, 0.27, 33.33, 0, 0, 86901
32.82, 0.24, 33.33, 0.27, 33.33, 0, 0, 87001
32.20, 0.24, 33.33, 0.27, 33.33, 0, 0, 87101
31.59, 0.24, 33.33, 0.27, 33.33, 0, 0, 87201
32.82, 0.24, 33.33, 0.27, 33.33, 0, 0, 87301
32.20, 0.24, 33.33, 0.27, 33.33, 0, 0, 87401
32.62, 0.24, 33.33, 0.27, 33.33, 0, 0, 87501
32.20, 0.24, 33.33, 0.27, 33.33, 0, 0, 87601
31.39, 0.24, 33.33, 0.27, 33.33, 0, 0, 87701
33.67, 0.24, 33.33, 0.27, 33.33, 0, 0, 87801
31.39, 0.24, 33.33, 0.27, 33.33, 0, 0, 87901
33.67, 0.24, 33.33, 0.27, 33.33, 0, 0, 88001
34.54, 0.24, 33.33, 0.27, 33.33, 0, 0, 88101
31.39, 0.25, 33.33, 0.27, 33.33, 0, 0, 88201
34.10, 0.24, 33.33, 0.27, 33.33, 0, 0, 88301
35.21, 0.24, 33.33, 0.27, 33.33, 0, 0, 88401
34.54, 0.25, 33.33, 0.27, 33.33, 0, 0, 88501
35.44, 0.24, 33.33, 0.27, 33.33, 0, 0, 88601
33.67, 0.24, 33.33, 0.27, 33.33, 0, 0, 88701
34.54, 0.24, 33.33, 0.27, 33.33, 0, 0, 88801
34.76, 0.24, 33.33, 0.27, 33.33, 0, 0, 88901
34.10, 0.24, 33.33, 0.27, 33.33, 0, 0, 89001
34.32, 0.24, 33.33, 0.27, 33.33, 0, 0, 89101
34.10, 0.24, 33.33, 0.27, 33.33, 0, 0, 89201
33.89, 0.24, 33.33, 0.27, 33.33, 0, 0, 89301
35.21, 0.24, 33.33, 0.27, 33.33, 0, 0, 89401
34.32, 0.24, 33.33, 0.27, 33.33, 0, 0, 89501
34.10, 0.24, 33.33, 0.27, 33.33, 0, 0, 89601
33.89, 0.24, 33.33, 0.27, 33.33, 0, 0, 89701
33.89, 0.24, 33.33, 0.27, 33.33, 0, 0, 89801
33.67, 0.24, 33.33, 0.27, 33.33, 0, 0, 89901
33.67, 0.24, 33.33, 0.27, 33.33, 0, 0, 90001
33.24, 0.24, 33.33, 0.27, 33.33, 0, 0, 90101
34.32, 0.24, 33.33, 0.27, 33.33, 0, 0, 90201
33.24, 0.24, 33.33, 0.27, 33.33, 0, 0, 90301
34.54, 0.24, 33.33, 0.27, 33.33, 0, 0, 90401
34.32, 0.24, 33.33, 0.27, 33.33, 0, 0, 90501
34.54, 0.24, 33.33, 0.27, 33.33, 0, 0, 90601
34.54, 0.24, 33.33, 0.27, 33.33, 0, 0, 90701
33.24, 0.24, 33.33, 0.27, 33.33, 0, 0, 90801
34.54, 0.24, 33.33, 0.27, 33.33, 0, 0, 90901
33.46, 0.24, 33.33, 0.27, 33.33, 0, 0, 91001
32.82, 0.24, 33.33, 0.27, 33.33, 0, 0, 91101
33.24, 0.24, 33.33, 0.27, 33.33, 0, 0, 91201
32.82, 0.24, 33.33, 0.27, 33.33, 0, 0, 91301
32.20, 0.24, 33.33, 0.27, 33.33, 0, 0, 91401
33.03, 0.24, 33.33, 0.27, 33.33, 0, 0, 91501
32.62, 0.24, 33.33, 0.27, 33.33, 0, 0, 91601
31.59, 0.24, 33.33, 0.27, 33.33, 0, 0, 91701
32.62, 0.24, 33.33, 0.27, 33.33, 0, 0, 91801
32.20, 0.24, 33.33, 0.27, 33.33, 0, 0, 91901
31.39, 0.24, 33.33, 0.27, 33.33, 0, 0, 92001
32.20, 0.24, 33.33, 0.27, 33.33, 0, 0, 92101
31.39, 0.25, 33.33, 0.27, 33.33, 0, 0, 92201
33.67, 0.24, 33.33, 0.27, 33.33, 0, 0, 92301
31.80, 0.24, 33.33, 0.27, 33.33, 0, 0, 92401
31.20, 0.25, 33.33, 0.27, 33.33, 0, 0, 92501
34.54, 0.25, 33.33, 0.27, 33.33, 0, 0, 92601
30.61, 0.25, 33.33, 0.27, 33.33, 0, 0, 92701
34.32, 0.25, 33.33, 0.27, 33.33, 0, 0, 92801
35.44, 0.24, 33.33, 0.27, 33.33, 0, 0, 92901
32.62, 0.24, 33.33, 0.27, 33.33, 0, 0, 93001
34.76, 0.24, 33.33, 0.27, 33.33, 0, 0, 93101
34.54, 0.24, 33.33, 0.27, 33.33, 0, 0, 93201
34.76, 0.24, 33.33, 0.27, 33.33, 0, 0, 93301
34.32, 0.24, 33.33, 0.27, 33.33, 0, 0, 93401
33.89, 0.24, 33.33, 0.27, 33.33, 0, 0, 93501
34.10, 0.24, 33.33, 0.27, 33.33, 0, 0, 93601
35.21, 0.24, 33.33, 0.27, 33.33, 0, 0, 93701
34.32, 0.24, 33.33, 0.27, 33.33, 0, 0, 93801
34.76, 0.24, 33.33, 0.27, 33.33, 0, 0, 93901
34.32, 0.24, 33.33, 0.27, 33.33, 0, 0, 94001
34.10, 0.24, 33.33, 0.27, 33.33, 0, 0, 94101
35.21, 0.24, 33.33, 0.27, 33.33, 0, 0, 94201
34.10, 0.24, 33.33, 0.27, 33.33, 0, 0, 94301
33.67, 0.24, 33.33, 0.27, 33.33, 0, 0, 94401
33.89, 0.24, 33.33, 0.27, 33.33, 0, 0, 94501
33.67, 0.24, 33.33, 0.27, 33.33, 0, 0, 94601
34.76, 0.24, 33.33, 0.27, 33.33, 0, 0, 94701
33.24, 0.24, 33.33, 0.27, 33.33, 0, 0, 94801
34.99, 0.24, 33.33, 0.27, 33.33, 0, 0, 94901
34.54, 0.24, 33.33, 0.27, 33.33, 0, 0, 95001
34.32, 0.24, 33.33, 0.27, 33.33, 0, 0, 95101
34.54, 0.24, 33.33, 0.27, 33.33, 0, 0, 95201
33.24, 0.24, 33.33, 0.27, 33.33, 0, 0, 95301
34.32, 0.24, 33.33, 0.27, 33.33, 0, 0, 95401
33.24, 0.24, 33.33, 0.27, 33.33, 0, 0, 95501
33.24, 0.24, 33.33, 0.27, 33.33, 0, 0, 95601
33.24, 0.24, 33.33, 0.27, 33.33, 0, 0, 95701
33.24, 0.24, 33.33, 0.27, 33.33, 0, 0, 95801
32.62, 0.24, 33.33, 0.27, 33.33, 0, 0, 95901
33.03, 0.24, 33.33, 0.27, 33.33, 0, 0, 96001
33.46, 0.24, 33.33, 0.27, 33.33, 0, 0, 96101
32.20, 0.24, 33.33, 0.27, 33.33, 0, 0, 96201
33.89, 0.24, 33.33, 0.27, 33.33, 0, 0, 96301
32.41, 0.24, 33.33, 0.27, 33.33, 0, 0, 96401
31.39, 0.25, 33.33, 0.27, 33.33, 0, 0, 96501
33.03, 0.25, 33.33, 0.27, 33.33, 0, 0, 96601
32.20, 0.25, 33.33, 0.27, 33.33, 0, 0, 96701
30.22, 0.26, 33.33, 0.27, 33.33, 0, 0, 96801
32.82, 0.25, 33.33, 0.27, 33.33, 0, 0, 96901
31.20, 0.25, 33.33, 0.27, 33.33, 0, 0, 97001
34.10, 0.25, 33.33, 0.27, 33.33, 0, 0, 97101
32.20, 0.25, 33.33, 0.27, 33.33, 0, 0, 97201
32.82, 0.24, 33.33, 0.27, 33.33, 0, 0, 97301
34.76, 0.24, 33.33, 0.27, 33.33, 0, 0, 97401
33.67, 0.24, 33.33, 0.27, 33.33, 0, 0, 97501
34.76, 0.24, 33.33, 0.27, 33.33, 0, 0, 97601
34.32, 0.24, 33.33, 0.27, 33.33, 0, 0, 97701
33.89, 0.24, 33.33, 0.27, 33.33, 0, 0, 97801
34.32, 0.24, 33.33, 0.27, 33.33, 0, 0, 97901
34.99, 0.24, 33.33, 0.27, 33.33, 0, 0, 98001
34.32, 0.24, 33.33, 0.27, 33.33, 0, 0, 98101
34.76, 0.24, 33.33, 0.27, 33.33, 0, 0, 98201
34.10, 0.24, 33.33, 0.27, 33.33, 0, 0, 98301
34.10, 0.24, 33.33, 0.27, 33.33, 0, 0, 98401
34.99, 0.24, 33.33, 0.27, 33.33, 0, 0, 98501
33.89, 0.24, 33.33, 0.27, 33.33, 0, 0, 98601
34.32, 0.24, 33.33, 0.27, 33.33, 0, 0, 98701
33.67, 0.24, 33.33, 0.27, 33.33, 0, 0, 98801
33.89, 0.24, 33.33, 0.27, 33.33, 0, 0, 98901
34.32, 0.24, 33.33, 0.27, 33.33, 0, 0, 99001
33.46, 0.24, 33.33, 0.27, 33.33, 0, 0, 99101
34.54, 0.24, 33.33, 0.27, 33.33, 0, 0, 99201
33.03, 0.24, 33.33, 0.27, 33.33, 0, 0, 99301
34.10, 0.24, 33.33, 0.27, 33.33, 0, 0, 99401
34.32, 0.24, 33.33, 0.27, 33.33, 0, 0, 99501
33.89, 0.24, 33.33, 0.27, 33.33, 0, 0, 99601
34.10, 0.24, 33.33, 0.27, 33.33, 0, 0, 99701
33.03, 0.24, 33.33, 0.27, 33.33, 0, 0, 99801
34.32, 0.24, 33.33, 0.27, 33.33, 0, 0, 99901
33.67, 0.24, 33.33, 0.27, 33.33, 0, 0, 100001
